{
  "schema_version": 1,
  "generated_at_utc": "2026-05-27T14:37:09.439541+00:00",
  "scenarios": [
    "F_step_+20pct",
    "F_step_-20pct",
    "zF_step_+10pct",
    "zF_step_-10pct",
    "yD_setpoint_+0p5pct"
  ],
  "winner_name": "TL_no_decoupler",
  "winner_aggregate_iae": 0.8362269141725175,
  "candidates": [
    {
      "name": "TL_no_decoupler",
      "tuning_method": "Tyreus-Luyben",
      "Kp_top": 38.33521973114844,
      "Ti_top_min": 23.995364264747955,
      "Kp_bottom": 37.94544564407735,
      "Ti_bottom_min": 11.852898953445981,
      "decoupler": {
        "matrix": [
          [
            1.0,
            0.0
          ],
          [
            0.0,
            1.0
          ]
        ],
        "rga_11": 1.0,
        "g_effective_diag": [
          null,
          null
        ]
      },
      "setpoint_filter_tau_min": null,
      "reference": "Tyreus & Luyben 1992; relay test per Astrom-Hagglund 1984",
      "results": {
        "per_scenario": {
          "F_step_+20pct": {
            "success": true,
            "specific_energy_kmol_per_kmol": 6.040369460253845,
            "light_yield": 0.9759660049142133,
            "constraint_violations": 1201,
            "settling_time_min": 45.150000000000006,
            "mv_activity_kmol_per_min": 0.9191249655214144,
            "iae_mole_fraction_min": 0.33115427978893275
          },
          "F_step_-20pct": {
            "success": true,
            "specific_energy_kmol_per_kmol": 7.0241411078998235,
            "light_yield": 1.006060584476521,
            "constraint_violations": 117,
            "settling_time_min": 40.550000000000004,
            "mv_activity_kmol_per_min": 0.8786825947362322,
            "iae_mole_fraction_min": 0.3037787718521129
          },
          "zF_step_+10pct": {
            "success": true,
            "specific_energy_kmol_per_kmol": 5.996796217591855,
            "light_yield": 0.9798450211673937,
            "constraint_violations": 1201,
            "settling_time_min": 0.0,
            "mv_activity_kmol_per_min": 0.05684392150310247,
            "iae_mole_fraction_min": 0.018017112466724848
          },
          "zF_step_-10pct": {
            "success": true,
            "specific_energy_kmol_per_kmol": 6.897051534984602,
            "light_yield": 1.002452943917119,
            "constraint_violations": 940,
            "settling_time_min": 0.0,
            "mv_activity_kmol_per_min": 0.06171319811630438,
            "iae_mole_fraction_min": 0.017931280693967704
          },
          "yD_setpoint_+0p5pct": {
            "success": true,
            "specific_energy_kmol_per_kmol": 6.904007186615723,
            "light_yield": 0.9632000330909116,
            "constraint_violations": 1201,
            "settling_time_min": 28.450000000000003,
            "mv_activity_kmol_per_min": 0.5443304334927976,
            "iae_mole_fraction_min": 0.16534546937077932
          }
        },
        "aggregate_iae": 0.8362269141725175,
        "any_failure": false
      }
    },
    {
      "name": "SIMC_1DoF_no_decoupler",
      "tuning_method": "SIMC-1DoF",
      "Kp_top": 18.464718217602385,
      "Ti_top_min": 48.0,
      "Kp_bottom": 14.718114913318061,
      "Ti_bottom_min": 48.0,
      "decoupler": {
        "matrix": [
          [
            1.0,
            0.0
          ],
          [
            0.0,
            1.0
          ]
        ],
        "rga_11": 1.0,
        "g_effective_diag": [
          null,
          null
        ]
      },
      "setpoint_filter_tau_min": null,
      "reference": "Skogestad 2003 SIMC, 1-DoF PI form",
      "results": {
        "per_scenario": {
          "F_step_+20pct": {
            "success": true,
            "specific_energy_kmol_per_kmol": 5.826868468187581,
            "light_yield": 0.967483449618965,
            "constraint_violations": 1201,
            "settling_time_min": 46.050000000000004,
            "mv_activity_kmol_per_min": 0.44817299320128967,
            "iae_mole_fraction_min": 0.6848017995877564
          },
          "F_step_-20pct": {
            "success": true,
            "specific_energy_kmol_per_kmol": 7.303395884997824,
            "light_yield": 1.0262826625013985,
            "constraint_violations": 119,
            "settling_time_min": 35.2,
            "mv_activity_kmol_per_min": 0.2705169363170885,
            "iae_mole_fraction_min": 0.41415885443454875
          },
          "zF_step_+10pct": {
            "success": true,
            "specific_energy_kmol_per_kmol": 6.010637581930322,
            "light_yield": 0.9754072473983535,
            "constraint_violations": 1201,
            "settling_time_min": 7.15,
            "mv_activity_kmol_per_min": 0.05425707276219427,
            "iae_mole_fraction_min": 0.09433263514358142
          },
          "zF_step_-10pct": {
            "success": true,
            "specific_energy_kmol_per_kmol": 6.885055407213994,
            "light_yield": 1.007634546730808,
            "constraint_violations": 1201,
            "settling_time_min": 7.0,
            "mv_activity_kmol_per_min": 0.05615377325337656,
            "iae_mole_fraction_min": 0.09287431649212266
          },
          "yD_setpoint_+0p5pct": {
            "success": true,
            "specific_energy_kmol_per_kmol": 6.711733495998425,
            "light_yield": 0.9642407156649614,
            "constraint_violations": 1201,
            "settling_time_min": 15.05,
            "mv_activity_kmol_per_min": 0.2281747256998803,
            "iae_mole_fraction_min": 0.28341036778192563
          }
        },
        "aggregate_iae": 1.5695779734399347,
        "any_failure": false
      }
    },
    {
      "name": "SIMC_2DoF_no_decoupler",
      "tuning_method": "SIMC-2DoF",
      "Kp_top": 18.464718217602385,
      "Ti_top_min": 48.0,
      "Kp_bottom": 14.718114913318061,
      "Ti_bottom_min": 48.0,
      "decoupler": {
        "matrix": [
          [
            1.0,
            0.0
          ],
          [
            0.0,
            1.0
          ]
        ],
        "rga_11": 1.0,
        "g_effective_diag": [
          null,
          null
        ]
      },
      "setpoint_filter_tau_min": 12.0,
      "reference": "Skogestad 2003 SIMC, 2-DoF with setpoint filter",
      "results": {
        "per_scenario": {
          "F_step_+20pct": {
            "success": true,
            "specific_energy_kmol_per_kmol": 5.826868468187581,
            "light_yield": 0.967483449618965,
            "constraint_violations": 1201,
            "settling_time_min": 46.050000000000004,
            "mv_activity_kmol_per_min": 0.44817299320128967,
            "iae_mole_fraction_min": 0.6848017995877564
          },
          "F_step_-20pct": {
            "success": true,
            "specific_energy_kmol_per_kmol": 7.303395884997824,
            "light_yield": 1.0262826625013985,
            "constraint_violations": 119,
            "settling_time_min": 35.2,
            "mv_activity_kmol_per_min": 0.2705169363170885,
            "iae_mole_fraction_min": 0.41415885443454875
          },
          "zF_step_+10pct": {
            "success": true,
            "specific_energy_kmol_per_kmol": 6.010637581930322,
            "light_yield": 0.9754072473983535,
            "constraint_violations": 1201,
            "settling_time_min": 7.15,
            "mv_activity_kmol_per_min": 0.05425707276219427,
            "iae_mole_fraction_min": 0.09433263514358142
          },
          "zF_step_-10pct": {
            "success": true,
            "specific_energy_kmol_per_kmol": 6.885055407213994,
            "light_yield": 1.007634546730808,
            "constraint_violations": 1201,
            "settling_time_min": 7.0,
            "mv_activity_kmol_per_min": 0.05615377325337656,
            "iae_mole_fraction_min": 0.09287431649212266
          },
          "yD_setpoint_+0p5pct": {
            "success": true,
            "specific_energy_kmol_per_kmol": 6.665036508967316,