{
  "schema_version": 1,
  "generated_at_utc": "2026-05-28T17:24:04.580622+00:00",
  "git_sha": "b4aff8840e4c0eee2db0c88940ffd7b491105ee2",
  "purpose": "C1 (Pareto-reference x100, r_lt=r_vb=10) disturbance-rejection-only off-nominal baseline. The Bucket-B comparator on the \u00a72.4 sub-metric.",
  "grid": {
    "F_axis": [
      0.8,
      0.9,
      1.1,
      1.2
    ],
    "zF_axis": [
      0.45,
      0.475,
      0.525,
      0.55
    ],
    "n_ops": 16,
    "source": "docs/kpis.md \u00a72.2"
  },
  "pareto_reference": {
    "multiplier": 100.0,
    "r_lt": 10.0,
    "r_vb": 10.0,
    "rationale": "Best gate-passing fixed-weight C1 from data/reference/c1_regularization_sweep.json (kpis.md \u00a76 Step 3)."
  },
  "pre_stage_cache_path": "data/reference/off_nominal_on_spec_pre_stages.json",
  "infeasible_pre_stage_count": 1,
  "aggregate": {
    "mean": 0.9943841659976415,
    "p50": 1.054178025167688,
    "p95": 1.1357806054858204,
    "max": 1.1368030698463685,
    "min": 0.8351214277083396,
    "ops_finite": 15,
    "ops_total": 16,
    "off_nominal_disturbance_rejection_iae": 1.1357806054858204
  },
  "per_op": [
    {
      "F": 0.8,
      "zF": 0.45,
      "pre_stage_mvs": {
        "LT_star": 2.1674264335371025,
        "VB_star": 2.526610139854531
      },
      "y_D_at_onspec": 0.9899998758686479,
      "x_B_at_onspec": 0.009999997261340626,
      "aggregate_iae": 0.8378330541774685,
      "aggregate_iae_finite": true,
      "max_cycle_wall_clock_seconds": 0.2255024169862736,
      "any_scenario_failed": false,
      "scenarios": {
        "F_step_+20pct": {
          "success": true,
          "iae_mole_fraction_min": 0.08866833172888008
        },
        "F_step_-20pct": {
          "success": true,
          "iae_mole_fraction_min": 0.19539097520507318
        },
        "zF_step_+10pct": {
          "success": true,
          "iae_mole_fraction_min": 0.1589261635523887
        },
        "zF_step_-10pct": {
          "success": true,
          "iae_mole_fraction_min": 0.03319428649315491
        },
        "yD_setpoint_+0p5pct": {
          "success": true,
          "iae_mole_fraction_min": 0.36165329719797157
        }
      }
    },
    {
      "F": 0.8,
      "zF": 0.475,
      "skipped": "pre_stage_infeasible",
      "pre_stage_error_inf_norm": 0.007670382793604045
    },
    {
      "F": 0.8,
      "zF": 0.525,
      "pre_stage_mvs": {
        "LT_star": 2.161431491967318,
        "VB_star": 2.581839668244252
      },
      "y_D_at_onspec": 0.9900000680252499,
      "x_B_at_onspec": 0.009999877650908536,
      "aggregate_iae": 0.8361731830044301,
      "aggregate_iae_finite": true,
      "max_cycle_wall_clock_seconds": 0.21238070901017636,
      "any_scenario_failed": false,
      "scenarios": {
        "F_step_+20pct": {
          "success": true,
          "iae_mole_fraction_min": 0.0892903487666562
        },
        "F_step_-20pct": {
          "success": true,
          "iae_mole_fraction_min": 0.19616191285712464
        },
        "zF_step_+10pct": {
          "success": true,
          "iae_mole_fraction_min": 0.1602738805367535
        },
        "zF_step_-10pct": {
          "success": true,
          "iae_mole_fraction_min": 0.029803235244331927
        },
        "yD_setpoint_+0p5pct": {
          "success": true,
          "iae_mole_fraction_min": 0.3606438055995638
        }
      }
    },
    {
      "F": 0.8,
      "zF": 0.55,
      "pre_stage_mvs": {
        "LT_star": 2.1561288806066825,
        "VB_star": 2.5969453796386195
      },
      "y_D_at_onspec": 0.9899998355979381,
      "x_B_at_onspec": 0.009999977981542476,
      "aggregate_iae": 0.8351214277083396,
      "aggregate_iae_finite": true,
      "max_cycle_wall_clock_seconds": 0.21767916600219905,
      "any_scenario_failed": false,
      "scenarios": {
        "F_step_+20pct": {
          "success": true,
          "iae_mole_fraction_min": 0.08931587857450432
        },
        "F_step_-20pct": {
          "success": true,
          "iae_mole_fraction_min": 0.19604294802240513
        },
        "zF_step_+10pct": {
          "success": true,
          "iae_mole_fraction_min": 0.16077159311079953
        },
        "zF_step_-10pct": {
          "success": true,
          "iae_mole_fraction_min": 0.029219260476962862
        },
        "yD_setpoint_+0p5pct": {
          "success": true,
          "iae_mole_fraction_min": 0.3597717475236677
        }
      }
    },
    {
      "F": 0.9,
      "zF": 0.45,
      "pre_stage_mvs": {
        "LT_star": 2.438356623012975,
        "VB_star": 2.8424381650176413
      },
      "y_D_at_onspec": 0.9899999813063741,
      "x_B_at_onspec": 0.010000030407464187,
      "aggregate_iae": 0.9125971124625978,
      "aggregate_iae_finite": true,
      "max_cycle_wall_clock_seconds": 0.259131291997619,
      "any_scenario_failed": false,
      "scenarios": {
        "F_step_+20pct": {
          "success": true,
          "iae_mole_fraction_min": 0.10297770678612359
        },
        "F_step_-20pct": {
          "success": true,
          "iae_mole_fraction_min": 0.22082537858828205
        },
        "zF_step_+10pct": {
          "success": true,
          "iae_mole_fraction_min": 0.1797046041368094
        },
        "zF_step_-10pct": {
          "success": true,
          "iae_mole_fraction_min": 0.034968060148488786
        },
        "yD_setpoint_+0p5pct": {
          "success": true,
          "iae_mole_fraction_min": 0.3741213628028941
        }
      }
    },
    {
      "F": 0.9,
      "zF": 0.475,
      "pre_stage_mvs": {
        "LT_star": 2.4379056269214052,
        "VB_star": 2.864946440928701
      },
      "y_D_at_onspec": 0.9900000327659304,
      "x_B_at_onspec": 0.010000041829652074,
      "aggregate_iae": 0.9119941447992634,
      "aggregate_iae_finite": true,
      "max_cycle_wall_clock_seconds": 0.23189999998430721,
      "any_scenario_failed": false,
      "scenarios": {
        "F_step_+20pct": {
          "success": true,
          "iae_mole_fraction_min": 0.10331392333008843
        },
        "F_step_-20pct": {
          "success": true,
          "iae_mole_fraction_min": 0.22133499187205036
        },
        "zF_step_+10pct": {
          "success": true,
          "iae_mole_fraction_min": 0.18013758097864013
        },
        "zF_step_-10pct": {
          "success": true,
          "iae_mole_fraction_min": 0.03331611098540148
        },
        "yD_setpoint_+0p5pct": {
          "success": true,
          "iae_mole_fraction_min": 0.3738915376330832
        }
      }
    },
    {
      "F": 0.9,
      "zF": 0.525,
      "pre_stage_mvs": {
        "LT_star": 2.431604139708851,
        "VB_star": 2.9045632972835325
      },
      "y_D_at_onspec": 0.9900000214953433,
      "x_B_at_onspec": 0.010000040893896067,
      "aggregate_iae": 0.9099173921876045,
      "aggregate_iae_finite": true,
      "max_cycle_wall_clock_seconds": 0.22770391701487824,
      "any_scenario_failed": false,
      "scenarios": {
        "F_step_+20pct": {
          "success": true,
          "iae_mole_fraction_min": 0.10362921355097066
        },
        "F_step_-20pct": {
          "success": true,
          "iae_mole_fraction_min": 0.2217064521578362
        },
        "zF_step_+10pct": {
          "success": true,
          "iae_mole_fraction_min": 0.18099357387364137
        },
        "zF_step_-10pct": {
          "success": true,
          "iae_mole_fraction_min": 0.030993751833113502
        },
        "yD_setpoint_+0p5pct": {
          "success": true,
          "iae_mole_fraction_min": 0.37259440077204276
        }
      }
    },
    {
      "F": 0.9,
      "zF": 0.55,
      "pre_stage_mvs": {
        "LT_star": 2.425654652646732,
        "VB_star": 2.921573022122107
      },
      "y_D_at_onspec": 0.9899999894572277,
      "x_B_at_onspec": 0.010000000528907612,
      "aggregate_iae": 0.9083624578833756,
      "aggregate_iae_finite": true,
      "max_cycle_wall_clock_seconds": 0.22301933297421783,